country,year,life_expectancy,expected_years_schooling,mean_years_schooling,gni_per_capita,hdi
United States,1990,78.2,15.0,11.7,48426.8,0.876
United States,1991,78.2,15.6,11.8,44014.0,0.882
United States,1992,78.4,15.1,11.7,40835.7,0.862
United States,1993,78.6,15.0,11.8,43167.9,0.869
United States,1994,79.9,15.4,11.9,42075.6,0.882
United States,1995,79.5,15.2,12.0,44000.1,0.884
United States,1996,79.5,16.2,12.0,43042.0,0.898
United States,1997,79.5,15.9,11.5,42503.8,0.884
United States,1998,80.7,16.0,12.1,44885.0,0.893
United States,1999,80.3,15.9,12.6,46406.0,0.896
United States,2000,81.1,16.0,12.1,47079.4,0.911
United States,2001,81.7,16.0,12.3,46518.8,0.915
United States,2002,81.3,16.3,12.2,43152.3,0.91
United States,2003,82.5,16.4,12.9,46727.7,0.922
United States,2004,82.3,17.0,12.7,49504.8,0.917
United States,2005,82.9,16.7,12.7,46261.1,0.916
United States,2006,82.6,16.9,13.3,44958.9,0.929
United States,2007,82.8,17.2,13.0,45003.4,0.936
United States,2008,83.4,17.3,12.8,45528.4,0.934
United States,2009,82.9,17.2,13.2,46347.4,0.936
United States,2010,83.2,17.1,13.1,44601.1,0.934
United States,2011,84.4,17.9,13.3,47056.1,0.954
United States,2012,83.6,17.5,13.4,52089.2,0.95
United States,2013,85.0,17.6,13.1,49188.5,0.957
United States,2014,85.0,17.4,13.9,43533.3,0.958
United States,2015,85.0,17.5,13.4,46982.0,0.952
United States,2016,84.9,17.9,13.4,47893.7,0.954
United States,2017,85.0,17.8,13.7,48728.9,0.955
United States,2018,85.0,18.5,13.4,47384.2,0.965
United States,2019,85.0,17.9,13.6,48213.4,0.962
United States,2020,85.0,18.5,13.8,47631.9,0.97
United States,2021,85.0,19.0,14.3,44499.3,0.978
Germany,1990,77.5,15.2,11.8,43153.5,0.877
Germany,1991,78.5,15.4,12.2,44518.2,0.88
Germany,1992,78.1,15.0,11.6,45908.2,0.875
Germany,1993,79.3,15.3,12.2,44615.5,0.901
Germany,1994,79.5,15.2,11.5,46366.8,0.88
Germany,1995,79.8,15.7,11.9,43446.3,0.882
Germany,1996,79.6,15.9,12.1,42619.0,0.892
Germany,1997,80.3,15.5,12.1,45623.2,0.889
Germany,1998,80.6,16.1,12.5,47933.6,0.902
Germany,1999,80.2,16.2,12.4,46791.7,0.925
Germany,2000,81.3,16.5,12.6,47168.8,0.915
Germany,2001,81.6,16.0,12.4,44681.4,0.908
Germany,2002,82.7,15.8,12.7,42215.1,0.91
Germany,2003,82.4,16.5,12.3,44304.6,0.918
Germany,2004,81.8,16.6,12.7,44518.3,0.929
Germany,2005,82.8,16.1,12.8,44565.7,0.924
Germany,2006,82.4,16.8,13.0,48072.9,0.924
Germany,2007,82.9,16.8,12.7,50167.6,0.934
Germany,2008,82.7,17.3,13.7,48588.7,0.937
Germany,2009,83.4,17.5,12.9,47334.5,0.944
Germany,2010,83.5,17.2,12.2,44101.4,0.925
Germany,2011,83.6,17.9,12.8,45486.5,0.943
Germany,2012,85.0,17.0,13.7,46569.9,0.947
Germany,2013,85.0,17.6,13.3,46774.2,0.951
Germany,2014,85.0,17.9,14.0,43902.4,0.971
Germany,2015,84.4,17.8,13.8,47390.0,0.955
Germany,2016,85.0,17.8,13.5,48739.7,0.961
Germany,2017,85.0,18.3,13.9,48727.4,0.971
Germany,2018,85.0,18.0,14.1,48342.1,0.967
Germany,2019,85.0,18.6,13.8,48270.0,0.969
Germany,2020,85.0,18.7,14.3,48939.8,0.983
Germany,2021,85.0,18.7,14.0,47909.1,0.972
Japan,1990,78.0,15.2,11.3,49707.9,0.869
Japan,1991,77.7,15.5,11.8,46474.6,0.882
Japan,1992,78.6,15.0,11.7,43617.0,0.878
Japan,1993,78.8,15.1,11.7,46140.0,0.875
Japan,1994,78.8,15.5,11.9,44140.6,0.881
Japan,1995,79.6,15.1,11.5,43735.1,0.877
Japan,1996,79.9,16.1,12.3,45062.0,0.9
Japan,1997,79.6,15.8,12.0,46218.3,0.889
Japan,1998,80.6,16.4,12.1,46466.4,0.909
Japan,1999,80.5,16.1,12.3,45852.6,0.899
Japan,2000,81.0,16.3,12.8,47861.5,0.926
Japan,2001,80.9,16.5,12.5,50700.5,0.913
Japan,2002,81.1,16.2,11.9,44660.8,0.898
Japan,2003,81.9,16.6,13.2,48052.5,0.925
Japan,2004,81.7,16.7,12.3,50105.2,0.926
Japan,2005,82.2,16.2,13.2,45797.0,0.929
Japan,2006,82.0,16.6,12.9,46230.7,0.921
Japan,2007,83.4,16.6,12.9,46466.0,0.933
Japan,2008,83.7,16.7,12.6,49140.4,0.934
Japan,2009,83.3,17.6,13.1,48989.4,0.945
Japan,2010,85.0,17.8,13.1,48592.3,0.958
Japan,2011,84.9,17.1,13.5,48858.0,0.943
Japan,2012,83.9,16.9,13.3,48161.3,0.95
Japan,2013,84.9,18.1,13.0,42784.6,0.949
Japan,2014,85.0,17.7,12.9,46487.0,0.943
Japan,2015,85.0,17.9,13.3,45601.6,0.95
Japan,2016,85.0,18.2,13.4,47962.2,0.959
Japan,2017,85.0,18.0,13.5,45652.7,0.952
Japan,2018,85.0,18.2,13.7,47450.2,0.962
Japan,2019,85.0,18.4,14.2,45845.4,0.967
Japan,2020,85.0,17.7,13.6,50184.8,0.969
Japan,2021,85.0,18.7,14.2,54107.2,0.986
United Kingdom,1990,77.9,14.7,11.0,45457.8,0.858
United Kingdom,1991,77.6,14.9,11.3,48866.4,0.873
United Kingdom,1992,78.6,15.7,11.7,43202.7,0.888
United Kingdom,1993,79.2,15.0,11.7,43240.8,0.87
United Kingdom,1994,79.7,16.0,11.4,46547.9,0.886
United Kingdom,1995,79.2,15.4,11.7,45460.7,0.878
United Kingdom,1996,79.9,15.7,11.9,43379.9,0.887
United Kingdom,1997,80.5,15.9,11.8,45715.7,0.9
United Kingdom,1998,79.5,16.1,12.0,46846.3,0.892
United Kingdom,1999,79.8,15.5,12.3,46217.2,0.89
United Kingdom,2000,81.3,15.6,12.3,42978.3,0.897
United Kingdom,2001,81.3,16.0,12.3,48037.6,0.906
United Kingdom,2002,82.0,16.0,12.7,49087.3,0.906
United Kingdom,2003,81.5,16.6,12.5,46749.1,0.915
United Kingdom,2004,82.2,16.5,13.0,46556.8,0.927
United Kingdom,2005,82.2,16.5,12.6,46942.2,0.92
United Kingdom,2006,82.9,17.4,13.1,45391.4,0.943
United Kingdom,2007,82.8,16.3,12.6,41986.0,0.915
United Kingdom,2008,83.4,17.5,13.1,45772.6,0.945
United Kingdom,2009,82.5,17.2,13.3,43009.1,0.939
United Kingdom,2010,84.1,17.1,13.4,51515.3,0.951
United Kingdom,2011,84.4,17.2,13.0,48344.8,0.941
United Kingdom,2012,84.6,17.3,13.5,47297.6,0.956
United Kingdom,2013,84.6,17.5,13.1,45617.5,0.949
United Kingdom,2014,85.0,17.4,13.8,49737.7,0.962
United Kingdom,2015,85.0,17.6,13.2,42755.7,0.955
United Kingdom,2016,85.0,17.9,13.8,44295.8,0.971
United Kingdom,2017,85.0,18.1,14.0,47980.7,0.968
United Kingdom,2018,85.0,18.3,14.4,49995.9,0.984
United Kingdom,2019,85.0,18.0,13.9,47164.4,0.969
United Kingdom,2020,85.0,18.8,14.0,46148.9,0.966
United Kingdom,2021,85.0,18.7,14.1,44277.3,0.964
Canada,1990,77.8,15.5,11.4,41617.9,0.868
Canada,1991,78.2,14.3,11.6,44550.7,0.868
Canada,1992,79.5,15.6,11.6,42650.9,0.895
Canada,1993,78.9,15.3,11.7,45656.6,0.881
Canada,1994,78.9,15.3,11.8,44058.5,0.877
Canada,1995,79.5,15.5,12.4,39386.9,0.892
Canada,1996,80.4,15.1,11.9,44586.1,0.88
Canada,1997,79.7,15.5,12.6,47597.5,0.905
Canada,1998,80.7,15.6,12.0,46663.6,0.891
Canada,1999,81.0,15.9,12.1,47232.5,0.907
Canada,2000,80.8,16.5,12.0,47089.0,0.91
Canada,2001,81.1,16.3,12.1,47852.5,0.908
Canada,2002,81.3,16.7,12.3,42674.7,0.902
Canada,2003,82.2,16.1,13.1,41229.7,0.925
Canada,2004,82.3,16.5,12.5,46882.4,0.92
Canada,2005,83.0,16.7,12.8,45236.6,0.927
Canada,2006,82.9,16.3,12.4,47797.3,0.922
Canada,2007,83.0,16.9,13.0,44980.9,0.928
Canada,2008,83.4,16.7,13.1,42434.8,0.936
Canada,2009,83.9,17.2,13.4,50083.3,0.954
Canada,2010,83.0,16.9,13.0,46465.0,0.935
Canada,2011,83.9,17.4,13.0,45100.6,0.934
Canada,2012,84.1,17.1,13.1,48917.6,0.938
Canada,2013,85.0,17.7,13.5,44685.9,0.958
Canada,2014,84.8,17.7,14.3,46471.4,0.97
Canada,2015,85.0,17.8,14.1,45347.1,0.972
Canada,2016,85.0,17.8,13.9,49016.4,0.967
Canada,2017,85.0,17.8,13.7,46731.0,0.963
Canada,2018,85.0,17.7,14.0,48342.6,0.967
Canada,2019,85.0,18.5,14.1,46881.2,0.962
Canada,2020,85.0,18.4,14.1,44236.7,0.962
Canada,2021,85.0,18.5,14.3,47243.4,0.973
Australia,1990,78.5,14.8,11.5,43959.9,0.868
Australia,1991,78.1,15.2,11.4,47895.8,0.87
Australia,1992,78.5,15.1,12.1,45582.9,0.887
Australia,1993,78.1,15.4,12.0,45396.1,0.887
Australia,1994,78.9,15.9,12.5,44464.9,0.893
Australia,1995,80.2,16.0,11.8,44406.1,0.893
Australia,1996,79.1,15.4,11.7,43694.3,0.881
Australia,1997,80.2,16.3,11.8,47706.9,0.899
Australia,1998,80.4,16.1,11.8,46422.9,0.899
Australia,1999,80.9,16.1,13.0,44197.9,0.91
Australia,2000,80.7,16.0,12.2,48378.4,0.911
Australia,2001,81.0,16.0,12.6,44530.9,0.91
Australia,2002,81.7,15.9,13.0,49884.5,0.917
Australia,2003,81.7,16.5,12.7,47395.8,0.93
Australia,2004,82.1,16.3,12.3,44339.8,0.912
Australia,2005,83.4,16.5,12.8,46017.7,0.935
Australia,2006,84.0,16.6,12.7,48474.4,0.937
Australia,2007,84.0,17.1,12.8,47524.3,0.944
Australia,2008,83.8,17.2,13.3,48896.5,0.953
Australia,2009,84.0,17.1,13.1,49050.6,0.94
Australia,2010,84.1,17.1,13.2,49282.8,0.947
Australia,2011,84.3,17.0,13.5,47928.9,0.958
Australia,2012,84.4,17.5,13.4,50096.1,0.954
Australia,2013,85.0,17.8,13.5,45612.7,0.956
Australia,2014,85.0,17.4,13.6,45112.2,0.958
Australia,2015,84.7,17.6,13.7,50280.2,0.96
Australia,2016,85.0,18.5,13.3,41880.8,0.957
Australia,2017,85.0,17.7,14.0,47447.0,0.96
Australia,2018,85.0,18.4,14.1,46745.6,0.978
Australia,2019,85.0,17.8,13.7,46936.5,0.961
Australia,2020,85.0,18.5,13.7,50357.8,0.969
Australia,2021,85.0,18.6,14.3,48461.7,0.977
France,1990,78.3,15.4,11.6,46595.3,0.878
France,1991,79.0,14.9,12.1,44980.0,0.875
France,1992,78.7,15.0,11.9,43672.2,0.875
France,1993,77.9,15.2,11.0,41647.2,0.866
France,1994,79.6,15.6,11.5,45173.9,0.885
France,1995,78.9,16.0,12.2,44854.4,0.893
France,1996,79.9,15.1,11.9,43887.4,0.879
France,1997,79.9,16.3,12.3,44207.0,0.904
France,1998,81.1,16.2,12.2,44106.9,0.908
France,1999,80.9,16.3,12.4,47994.3,0.909
France,2000,81.6,16.2,13.0,44152.5,0.925
France,2001,81.4,16.0,12.3,45052.7,0.909
France,2002,81.8,16.2,12.5,50663.9,0.927
France,2003,82.1,16.5,12.6,47294.5,0.916
France,2004,82.0,16.1,12.8,47440.6,0.916
France,2005,83.2,16.3,12.3,46559.7,0.926
France,2006,83.6,16.7,13.2,46038.4,0.934
France,2007,83.5,17.1,12.5,49517.5,0.941
France,2008,83.0,17.1,13.2,46852.1,0.935
France,2009,83.3,17.1,13.5,47559.0,0.941
France,2010,84.3,16.4,13.5,42491.9,0.934
France,2011,83.7,17.0,13.6,45424.2,0.945
France,2012,84.5,17.6,13.4,43660.1,0.953
France,2013,84.6,17.1,13.3,49993.9,0.954
France,2014,85.0,17.6,13.4,51360.2,0.961
France,2015,85.0,18.1,13.7,46175.0,0.961
France,2016,85.0,17.9,13.9,46945.0,0.967
France,2017,85.0,18.1,13.2,48960.2,0.96
France,2018,85.0,17.3,14.5,46654.7,0.969
France,2019,85.0,18.4,13.6,45635.6,0.973
France,2020,85.0,18.4,14.3,48224.7,0.974
France,2021,85.0,19.2,14.1,47632.2,0.983
Norway,1990,78.6,15.4,11.7,42428.2,0.884
Norway,1991,77.7,15.2,11.4,44926.0,0.871
Norway,1992,78.8,15.4,12.2,46161.1,0.885
Norway,1993,79.4,15.7,11.4,46555.1,0.888
Norway,1994,79.0,15.9,11.8,45563.8,0.887
Norway,1995,79.5,15.2,11.5,48939.2,0.88
Norway,1996,79.3,15.0,11.8,42444.9,0.886
Norway,1997,80.6,15.6,12.8,47701.2,0.905
Norway,1998,79.1,16.6,11.8,41860.4,0.896
Norway,1999,81.9,16.4,12.4,46971.0,0.921
Norway,2000,81.3,16.2,12.4,45562.3,0.906
Norway,2001,81.1,15.7,12.4,43549.1,0.896
Norway,2002,81.7,16.8,12.8,42310.1,0.913
Norway,2003,82.3,16.2,12.5,47151.7,0.913
Norway,2004,82.2,16.2,12.5,46703.9,0.908
Norway,2005,82.7,16.7,12.9,46558.5,0.935
Norway,2006,82.8,16.7,12.9,47347.4,0.93
Norway,2007,83.1,16.7,12.7,43039.5,0.933
Norway,2008,82.7,16.8,12.8,48279.2,0.929
Norway,2009,84.3,16.9,13.2,44456.4,0.95
Norway,2010,83.3,17.3,13.4,47337.3,0.943
Norway,2011,84.2,17.4,13.2,48645.3,0.959
Norway,2012,84.3,17.1,13.3,52351.2,0.946
Norway,2013,85.0,18.1,13.3,47897.4,0.967
Norway,2014,84.9,17.6,13.4,44404.3,0.948
Norway,2015,84.8,17.8,13.4,47283.8,0.948
Norway,2016,85.0,18.2,13.1,47669.8,0.963
Norway,2017,85.0,18.5,13.9,45312.2,0.967
Norway,2018,85.0,18.2,14.0,44897.2,0.965
Norway,2019,85.0,18.2,13.7,45384.1,0.968
Norway,2020,85.0,18.6,13.7,46397.5,0.972
Norway,2021,85.0,19.2,14.2,47611.8,0.977
Sweden,1990,78.1,15.0,11.7,47152.6,0.871
Sweden,1991,77.6,14.6,11.7,42587.7,0.853
Sweden,1992,78.8,16.0,11.7,47027.2,0.888
Sweden,1993,78.8,15.6,11.7,45812.6,0.885
Sweden,1994,78.9,15.7,11.8,43580.8,0.886
Sweden,1995,79.0,15.6,11.9,47794.8,0.891
Sweden,1996,79.8,15.9,12.4,46676.9,0.901
Sweden,1997,79.4,15.5,12.0,44120.8,0.886
Sweden,1998,80.4,16.1,12.2,46657.1,0.902
Sweden,1999,79.7,15.7,12.2,42911.0,0.895
Sweden,2000,81.7,16.5,12.3,49057.3,0.918
Sweden,2001,81.1,16.1,12.3,44900.0,0.907
Sweden,2002,81.6,16.4,12.6,48522.7,0.924
Sweden,2003,81.1,15.7,12.9,42838.6,0.905
Sweden,2004,81.6,16.0,12.8,47692.5,0.914
Sweden,2005,81.2,16.5,12.9,42727.1,0.915
Sweden,2006,82.7,17.0,12.9,43935.6,0.934
Sweden,2007,83.0,16.9,12.7,45197.9,0.923
Sweden,2008,83.3,17.5,12.6,42635.1,0.939
Sweden,2009,83.5,16.9,13.4,44973.3,0.948
Sweden,2010,84.3,17.1,13.8,45043.4,0.953
Sweden,2011,84.4,17.8,13.7,46548.6,0.952
Sweden,2012,84.8,17.3,14.0,46854.1,0.955
Sweden,2013,84.9,17.2,13.1,49318.1,0.946
Sweden,2014,84.6,17.9,13.9,48305.1,0.967
Sweden,2015,85.0,17.4,14.1,46031.8,0.958
Sweden,2016,85.0,18.1,13.8,51699.4,0.966
Sweden,2017,85.0,18.1,13.9,50337.5,0.97
Sweden,2018,85.0,18.5,13.8,45080.5,0.959
Sweden,2019,85.0,18.9,13.6,46541.2,0.967
Sweden,2020,85.0,18.6,14.3,45797.5,0.972
Sweden,2021,85.0,18.4,14.6,48284.4,0.98
Switzerland,1990,78.3,15.4,11.6,42082.1,0.875
Switzerland,1991,78.0,15.0,11.8,47856.4,0.876
Switzerland,1992,78.7,15.7,11.7,50994.4,0.893
Switzerland,1993,78.0,15.6,11.9,48112.9,0.887
Switzerland,1994,79.1,15.1,11.8,43367.6,0.875
Switzerland,1995,79.8,16.1,12.0,42660.8,0.896
Switzerland,1996,80.4,15.5,12.0,45454.9,0.889
Switzerland,1997,80.4,15.8,12.2,43495.3,0.894
Switzerland,1998,80.7,15.8,12.7,44663.3,0.906
Switzerland,1999,81.1,15.6,11.7,42200.1,0.897
Switzerland,2000,80.7,16.9,12.2,46118.4,0.919
Switzerland,2001,82.3,16.9,12.8,48077.6,0.931
Switzerland,2002,82.0,16.2,12.3,45836.2,0.911
Switzerland,2003,81.6,16.7,12.9,46113.0,0.93
Switzerland,2004,81.6,16.5,12.5,41784.7,0.91
Switzerland,2005,82.4,17.1,13.0,43750.3,0.938
Switzerland,2006,83.4,17.0,12.8,43966.3,0.928
Switzerland,2007,83.6,17.5,13.4,45095.4,0.939
Switzerland,2008,83.4,16.5,13.1,45933.5,0.929
Switzerland,2009,82.8,17.3,12.9,43703.6,0.918
Switzerland,2010,83.9,17.8,13.7,45377.8,0.949
Switzerland,2011,84.5,17.1,13.4,48200.2,0.954
Switzerland,2012,84.5,17.4,13.1,44686.4,0.943
Switzerland,2013,85.0,17.9,13.2,49975.7,0.956
Switzerland,2014,85.0,17.5,12.8,48676.6,0.952
Switzerland,2015,85.0,17.8,13.8,43242.1,0.954
Switzerland,2016,85.0,17.5,13.8,43775.8,0.957
Switzerland,2017,85.0,17.6,14.1,45245.6,0.956
Switzerland,2018,85.0,18.5,13.6,47107.5,0.967
Switzerland,2019,85.0,18.3,13.8,45177.0,0.964
Switzerland,2020,85.0,17.5,14.2,49143.2,0.953
Switzerland,2021,85.0,18.7,14.7,47226.5,0.976
Singapore,1990,77.9,15.4,11.3,43201.8,0.867
Singapore,1991,77.8,15.1,12.1,45797.2,0.877
Singapore,1992,78.4,14.8,11.9,44965.5,0.874
Singapore,1993,80.5,15.4,11.5,44251.6,0.892
Singapore,1994,79.2,15.0,12.1,43777.9,0.892
Singapore,1995,80.0,15.4,12.3,45504.2,0.899
Singapore,1996,80.0,15.4,11.8,47739.3,0.889
Singapore,1997,79.9,15.5,12.2,50132.9,0.893
Singapore,1998,80.4,16.3,12.2,46580.3,0.899
Singapore,1999,80.9,16.0,12.6,48304.4,0.923
Singapore,2000,81.3,16.2,12.4,44908.5,0.911
Singapore,2001,81.1,16.3,12.8,43508.7,0.918
Singapore,2002,82.2,16.3,11.9,44476.2,0.914
Singapore,2003,81.8,16.2,12.4,47805.5,0.918
Singapore,2004,82.0,16.5,12.6,43909.0,0.924
Singapore,2005,82.3,17.1,13.2,48300.9,0.933
Singapore,2006,83.0,16.8,12.6,46854.8,0.921
Singapore,2007,83.6,16.8,13.0,46832.7,0.934
Singapore,2008,83.6,16.9,13.3,43237.2,0.936
Singapore,2009,84.6,16.8,12.9,47492.2,0.941
Singapore,2010,84.1,17.4,13.4,48903.1,0.952
Singapore,2011,84.1,17.6,13.8,46178.1,0.949
Singapore,2012,85.0,17.4,12.7,48453.6,0.944
Singapore,2013,84.8,17.7,13.5,48213.5,0.954
Singapore,2014,85.0,17.6,13.7,48072.1,0.955
Singapore,2015,85.0,17.7,13.9,47584.2,0.97
Singapore,2016,85.0,17.8,13.7,46146.0,0.963
Singapore,2017,85.0,17.7,13.5,49036.6,0.967
Singapore,2018,85.0,18.1,13.9,49583.0,0.963
Singapore,2019,85.0,18.6,14.1,47465.6,0.977
Singapore,2020,85.0,18.6,13.8,42990.5,0.966
Singapore,2021,85.0,18.4,14.4,50807.3,0.984
South Korea,1990,78.8,15.2,11.5,41395.6,0.871
South Korea,1991,77.9,15.8,11.5,45347.5,0.881
South Korea,1992,78.6,15.7,11.5,45578.5,0.877
South Korea,1993,78.2,15.2,11.7,44245.0,0.871
South Korea,1994,78.5,15.4,11.4,46991.4,0.878
South Korea,1995,78.8,15.5,11.7,46069.7,0.889
South Korea,1996,78.8,15.7,12.0,46932.4,0.89
South Korea,1997,79.7,15.7,11.9,47913.2,0.893
South Korea,1998,81.3,15.9,12.0,42156.6,0.889
South Korea,1999,79.9,16.1,12.4,42075.1,0.902
South Korea,2000,80.7,16.2,12.8,47721.0,0.912
South Korea,2001,80.8,15.6,12.2,45298.4,0.894
South Korea,2002,81.5,16.4,12.4,44381.2,0.912
South Korea,2003,82.1,16.1,13.0,45692.2,0.92
South Korea,2004,82.5,16.6,13.0,46630.4,0.925
South Korea,2005,82.6,16.3,12.8,45979.9,0.922
South Korea,2006,82.7,16.2,12.7,46333.9,0.922
South Korea,2007,82.5,17.3,12.7,48376.6,0.935
South Korea,2008,83.0,17.6,12.7,48333.7,0.942
South Korea,2009,83.3,17.6,13.0,46985.5,0.943
South Korea,2010,83.9,17.5,13.4,42472.1,0.949
South Korea,2011,83.4,17.7,13.6,44021.9,0.944
South Korea,2012,84.0,17.4,13.3,48301.1,0.954
South Korea,2013,85.0,17.4,13.4,42829.5,0.944
South Korea,2014,85.0,18.2,13.2,45354.5,0.955
South Korea,2015,85.0,17.6,13.7,45691.7,0.956
South Korea,2016,85.0,17.9,13.6,46581.5,0.958
South Korea,2017,85.0,18.0,14.3,48160.5,0.967
South Korea,2018,85.0,18.0,14.2,47800.4,0.968
South Korea,2019,85.0,17.8,13.6,44352.7,0.956
South Korea,2020,85.0,19.0,14.2,48236.3,0.969
South Korea,2021,85.0,18.3,13.9,46801.4,0.964
China,1990,67.0,11.2,7.7,12143.5,0.678
China,1991,67.9,10.4,8.0,12716.8,0.679
China,1992,68.0,11.4,8.0,12048.9,0.692
China,1993,68.2,11.5,8.4,12820.2,0.689
China,1994,69.5,11.4,8.5,12019.1,0.694
China,1995,69.5,11.7,8.5,12956.9,0.698
China,1996,69.1,12.1,8.3,11945.2,0.691
China,1997,71.0,11.2,9.6,13027.4,0.716
China,1998,70.6,12.1,8.9,12837.1,0.715
China,1999,71.0,12.1,8.8,12389.3,0.716
China,2000,71.6,11.4,9.1,12679.3,0.711
China,2001,71.4,12.7,9.3,12155.0,0.727
China,2002,71.5,12.1,8.9,13192.4,0.723
China,2003,72.5,12.8,9.4,12346.4,0.735
China,2004,73.0,13.0,9.7,13212.5,0.745
China,2005,73.5,12.9,9.1,12745.9,0.732
China,2006,72.9,13.0,9.3,12715.2,0.726
China,2007,73.7,13.1,9.3,13351.8,0.749
China,2008,73.1,13.0,9.5,12448.6,0.743
China,2009,74.1,13.3,9.2,13450.0,0.741
China,2010,74.6,13.6,10.3,12339.7,0.745
China,2011,75.0,14.2,10.3,13307.0,0.77
China,2012,75.6,13.5,10.2,13540.8,0.773
China,2013,76.9,14.0,10.0,13278.4,0.767
China,2014,75.5,13.9,10.1,13441.4,0.766
China,2015,76.8,14.1,10.3,13209.5,0.781
China,2016,76.9,14.0,10.2,13280.3,0.772
China,2017,76.4,14.2,10.8,13676.3,0.788
China,2018,77.6,14.5,10.7,13513.1,0.795
China,2019,77.2,13.9,10.7,14484.9,0.793
China,2020,78.3,15.1,10.8,13805.9,0.802
China,2021,78.0,15.1,11.3,13660.1,0.805
India,1990,60.0,9.2,5.1,3098.2,0.511
India,1991,59.7,9.0,5.6,3448.0,0.529
India,1992,60.9,9.4,5.9,3355.4,0.539
India,1993,61.0,9.6,5.5,3310.1,0.536
India,1994,61.6,9.3,5.7,3806.3,0.534
India,1995,62.6,9.4,6.2,3579.2,0.553
India,1996,61.9,9.8,6.1,3488.7,0.552
India,1997,62.3,9.9,5.9,3243.0,0.543
India,1998,64.1,10.3,6.3,3672.7,0.569
India,1999,63.5,9.9,6.8,3871.3,0.573
India,2000,63.8,10.4,6.7,3877.0,0.574
India,2001,63.7,10.5,7.1,3583.9,0.57
India,2002,64.4,10.7,6.8,3870.8,0.581
India,2003,65.4,10.3,6.6,3837.4,0.571
India,2004,64.9,11.4,7.0,3923.2,0.588
India,2005,65.1,10.9,7.0,4134.4,0.596
India,2006,65.2,11.3,7.3,4137.0,0.609
India,2007,65.6,11.1,6.9,3923.9,0.596
India,2008,67.0,11.5,7.3,4018.7,0.605
India,2009,67.9,11.1,7.5,4373.7,0.617
India,2010,67.1,11.6,7.5,4287.1,0.607
India,2011,68.3,11.5,7.6,3999.1,0.621
India,2012,67.1,12.2,8.4,3863.0,0.628
India,2013,67.9,12.3,7.9,4016.6,0.631
India,2014,69.5,12.2,8.2,3929.9,0.633
India,2015,69.2,12.9,8.2,4128.8,0.645
India,2016,68.7,12.8,8.4,4131.8,0.642
India,2017,69.8,12.6,8.3,4605.7,0.651
India,2018,69.9,12.7,8.6,4233.9,0.649
India,2019,71.1,13.4,8.3,3966.3,0.662
India,2020,70.4,13.4,8.0,4476.5,0.651
India,2021,71.5,13.3,8.4,4276.4,0.667
Brazil,1990,68.1,11.2,8.6,11061.5,0.688
Brazil,1991,68.4,10.9,7.7,11942.8,0.674
Brazil,1992,68.6,11.7,7.8,12105.2,0.675
Brazil,1993,69.2,11.6,8.2,10606.2,0.683
Brazil,1994,69.5,11.6,8.7,11582.4,0.699
Brazil,1995,70.2,11.1,8.6,11978.7,0.692
Brazil,1996,70.1,11.6,8.4,12358.0,0.691
Brazil,1997,69.8,12.1,8.3,12793.5,0.703
Brazil,1998,69.8,11.8,9.1,11861.3,0.702
Brazil,1999,71.2,12.4,8.8,12147.7,0.72
Brazil,2000,72.2,12.5,9.0,12077.5,0.718
Brazil,2001,71.9,12.5,9.5,13009.0,0.722
Brazil,2002,72.5,12.2,9.0,12825.1,0.733
Brazil,2003,73.8,12.8,9.2,13052.0,0.743
Brazil,2004,72.4,13.3,9.4,13086.1,0.743
Brazil,2005,73.1,13.1,9.2,12508.8,0.732
Brazil,2006,73.5,13.2,9.6,13904.7,0.75
Brazil,2007,73.9,12.8,9.5,13373.6,0.748
Brazil,2008,73.8,13.2,9.2,12798.3,0.747
Brazil,2009,74.5,13.5,9.8,13073.0,0.754
Brazil,2010,74.9,13.6,10.0,12809.4,0.751
Brazil,2011,75.4,13.5,9.7,13597.3,0.76
Brazil,2012,75.7,13.9,10.3,12417.9,0.776
Brazil,2013,75.7,13.8,10.2,12228.0,0.768
Brazil,2014,75.4,13.6,9.8,14017.6,0.762
Brazil,2015,77.0,14.0,9.8,12736.3,0.778
Brazil,2016,76.5,14.1,10.5,13763.6,0.788
Brazil,2017,77.6,14.3,10.1,13270.7,0.784
Brazil,2018,76.7,14.2,10.7,13545.8,0.787
Brazil,2019,77.1,14.6,10.4,14165.4,0.796
Brazil,2020,76.9,14.5,10.4,13297.5,0.784
Brazil,2021,77.4,14.6,10.6,13868.1,0.794
Russia,1990,67.6,11.1,7.8,11837.0,0.678
Russia,1991,69.0,10.7,8.3,12543.1,0.676
Russia,1992,69.1,11.7,7.9,11562.0,0.688
Russia,1993,69.1,11.5,8.4,12403.2,0.685
Russia,1994,69.8,11.9,8.3,12198.9,0.688
Russia,1995,69.9,11.8,8.5,12955.9,0.699
Russia,1996,70.3,11.4,8.6,12232.9,0.698
Russia,1997,70.1,11.8,8.9,12131.7,0.696
Russia,1998,71.5,12.4,8.4,12863.8,0.711
Russia,1999,71.1,12.2,8.8,12036.0,0.707
Russia,2000,70.8,12.0,8.9,12133.0,0.713
Russia,2001,72.4,12.2,9.1,12918.6,0.727
Russia,2002,72.0,12.7,9.3,11932.4,0.73
Russia,2003,72.7,12.4,9.2,13141.2,0.729
Russia,2004,73.1,13.5,9.1,11958.9,0.738
Russia,2005,73.3,12.8,9.8,12040.6,0.744
Russia,2006,72.9,13.5,10.1,12440.0,0.748
Russia,2007,74.0,13.0,9.6,12971.5,0.737
Russia,2008,73.9,13.0,9.5,13878.7,0.743
Russia,2009,74.6,13.3,9.7,13543.0,0.757
Russia,2010,74.8,13.8,9.8,12757.7,0.754
Russia,2011,74.5,14.5,10.3,12370.6,0.763
Russia,2012,75.5,13.9,10.2,13084.5,0.77
Russia,2013,75.7,13.9,9.5,13155.9,0.759
Russia,2014,76.0,14.9,10.4,13161.9,0.789
Russia,2015,76.4,14.3,10.5,14640.2,0.782
Russia,2016,76.8,14.0,10.6,12911.3,0.778
Russia,2017,76.7,14.7,10.8,12771.3,0.789
Russia,2018,76.8,14.1,10.6,13389.9,0.796
Russia,2019,77.7,14.2,10.5,14244.1,0.802
Russia,2020,77.1,14.2,11.4,13921.3,0.793
Russia,2021,78.4,14.1,10.9,13940.4,0.802
South Africa,1990,67.5,11.0,7.7,12153.2,0.664
South Africa,1991,68.1,10.8,8.3,12571.3,0.677
South Africa,1992,68.7,10.8,8.1,12082.4,0.689
South Africa,1993,68.4,11.8,8.6,12337.1,0.702
South Africa,1994,69.5,11.6,8.4,12959.1,0.701
South Africa,1995,69.3,11.2,8.4,11801.2,0.686
South Africa,1996,70.6,11.6,8.5,12372.3,0.705
South Africa,1997,69.2,11.7,8.7,13113.8,0.698
South Africa,1998,69.7,12.2,8.6,11736.2,0.697
South Africa,1999,70.9,11.9,8.2,13044.5,0.71
South Africa,2000,71.6,11.9,8.9,12558.6,0.717
South Africa,2001,71.9,12.2,9.1,12893.1,0.728
South Africa,2002,72.3,12.7,9.2,13521.3,0.734
South Africa,2003,71.8,13.0,9.4,12465.4,0.73
South Africa,2004,72.7,12.9,9.4,12974.3,0.745
South Africa,2005,73.5,12.9,9.7,12224.2,0.743
South Africa,2006,74.2,12.9,9.2,12508.7,0.735
South Africa,2007,73.2,13.0,9.2,12965.6,0.742
South Africa,2008,73.5,13.7,9.8,13630.8,0.753
South Africa,2009,74.7,13.0,10.0,13171.9,0.759
South Africa,2010,74.0,13.2,10.1,12556.0,0.755
South Africa,2011,74.2,13.9,9.6,13512.6,0.761
South Africa,2012,74.9,13.9,10.1,12914.2,0.761
South Africa,2013,74.6,14.0,9.7,13351.0,0.76
South Africa,2014,76.2,13.9,10.2,13789.1,0.777
South Africa,2015,76.4,14.3,9.9,13860.3,0.78
South Africa,2016,76.0,14.2,10.4,13381.8,0.781
South Africa,2017,77.6,14.7,10.1,13892.0,0.796
South Africa,2018,77.4,14.8,11.2,14189.2,0.805
South Africa,2019,78.0,14.7,10.7,13420.4,0.804
South Africa,2020,77.4,15.2,11.0,12847.9,0.801
South Africa,2021,77.1,15.1,11.2,13388.3,0.802
Mexico,1990,69.0,10.8,7.7,12889.0,0.685
Mexico,1991,68.3,11.4,8.5,11610.8,0.682
Mexico,1992,69.3,11.8,8.4,11584.6,0.7
Mexico,1993,68.7,11.3,8.4,13101.2,0.693
Mexico,1994,69.5,11.6,8.4,12559.9,0.682
Mexico,1995,69.5,11.7,8.1,12513.0,0.691
Mexico,1996,70.8,12.2,8.4,12247.0,0.706
Mexico,1997,70.1,11.9,8.4,11715.4,0.701
Mexico,1998,70.9,11.8,9.0,12071.1,0.71
Mexico,1999,71.4,12.1,9.0,12196.4,0.713
Mexico,2000,71.2,12.0,8.9,11633.3,0.707
Mexico,2001,71.5,12.3,9.0,12581.7,0.72
Mexico,2002,72.4,12.3,8.8,12049.8,0.715
Mexico,2003,72.1,12.4,8.8,12457.6,0.721
Mexico,2004,72.9,12.6,9.2,12231.5,0.729
Mexico,2005,72.5,13.0,8.9,12628.0,0.731
Mexico,2006,73.3,13.8,9.6,12297.6,0.748
Mexico,2007,72.7,13.1,9.3,13505.5,0.738
Mexico,2008,73.8,13.1,10.2,12819.8,0.762
Mexico,2009,74.6,13.5,9.9,13305.0,0.75
Mexico,2010,74.4,13.8,9.9,12281.9,0.756
Mexico,2011,75.7,14.0,10.0,13752.1,0.77
Mexico,2012,74.4,13.5,10.5,13073.1,0.763
Mexico,2013,75.4,14.4,10.6,14625.0,0.785
Mexico,2014,76.0,13.5,10.7,12649.3,0.774
Mexico,2015,75.7,13.9,10.1,13041.5,0.767
Mexico,2016,76.3,14.5,10.1,13594.8,0.786
Mexico,2017,76.6,14.2,10.5,14226.6,0.786
Mexico,2018,76.9,14.6,10.3,13983.8,0.79
Mexico,2019,77.4,14.4,10.5,13952.1,0.796
Mexico,2020,77.5,14.9,10.2,13336.7,0.79
Mexico,2021,77.7,14.6,10.7,13919.1,0.795
Indonesia,1990,58.9,8.4,5.3,3580.1,0.496
Indonesia,1991,60.1,9.0,6.0,3460.0,0.532
Indonesia,1992,60.8,8.6,5.9,3592.4,0.532
Indonesia,1993,63.0,8.8,6.3,3531.7,0.547
Indonesia,1994,61.4,9.4,5.7,3667.0,0.532
Indonesia,1995,62.2,9.6,5.7,3558.0,0.548
Indonesia,1996,61.9,9.9,5.9,3796.7,0.554
Indonesia,1997,63.4,9.9,6.4,3708.6,0.57
Indonesia,1998,62.5,10.3,6.3,3707.5,0.562
Indonesia,1999,63.4,10.2,6.5,4022.3,0.576
Indonesia,2000,64.0,10.2,6.3,3940.6,0.575
Indonesia,2001,64.7,10.3,6.6,3513.9,0.57
Indonesia,2002,64.8,10.5,6.9,3794.8,0.584
Indonesia,2003,64.1,10.8,5.9,3822.8,0.563
Indonesia,2004,65.6,11.2,7.1,4149.0,0.595
Indonesia,2005,66.3,11.3,7.0,4108.9,0.597
Indonesia,2006,65.3,11.0,7.0,3752.6,0.597
Indonesia,2007,66.0,11.4,7.1,3646.2,0.598
Indonesia,2008,65.5,11.5,6.9,4340.0,0.608
Indonesia,2009,66.9,12.0,7.2,4114.6,0.616
Indonesia,2010,67.3,12.1,7.8,4097.4,0.616
Indonesia,2011,67.1,11.9,7.7,3876.4,0.629
Indonesia,2012,68.7,12.2,7.8,4064.4,0.626
Indonesia,2013,68.3,12.2,7.5,4187.4,0.627
Indonesia,2014,67.7,12.0,7.9,4486.6,0.634
Indonesia,2015,68.3,12.6,7.6,4373.1,0.633
Indonesia,2016,69.3,13.0,7.8,3966.4,0.637
Indonesia,2017,70.2,12.3,7.4,4159.3,0.638
Indonesia,2018,70.7,12.7,8.3,4467.6,0.646
Indonesia,2019,70.2,13.0,8.6,4203.8,0.657
Indonesia,2020,69.5,12.9,8.7,4148.4,0.654
Indonesia,2021,71.4,13.2,8.7,4179.2,0.663
Nigeria,1990,52.3,7.0,3.3,1213.5,0.389
Nigeria,1991,51.4,7.5,3.5,1236.8,0.396
Nigeria,1992,52.1,7.1,3.6,1175.5,0.396
Nigeria,1993,52.7,7.3,3.9,1161.6,0.393
Nigeria,1994,53.7,7.5,3.9,1213.2,0.396
Nigeria,1995,54.0,8.2,4.0,1269.8,0.422
Nigeria,1996,53.6,8.4,4.2,1365.4,0.42
Nigeria,1997,55.5,8.2,4.4,1292.8,0.429
Nigeria,1998,55.6,8.2,3.8,1223.0,0.417
Nigeria,1999,55.5,8.3,4.8,1184.2,0.431
Nigeria,2000,54.8,8.7,4.5,1337.7,0.431
Nigeria,2001,56.8,8.9,4.9,1316.0,0.451
Nigeria,2002,56.1,9.0,5.3,1399.2,0.452
Nigeria,2003,57.1,8.5,5.1,1373.3,0.441
Nigeria,2004,56.7,8.9,4.9,1284.9,0.449
Nigeria,2005,57.8,9.1,4.9,1431.7,0.468
Nigeria,2006,57.8,9.1,5.4,1358.5,0.462
Nigeria,2007,58.7,8.9,5.7,1395.6,0.468
Nigeria,2008,58.7,9.6,4.9,1492.2,0.471
Nigeria,2009,59.3,10.0,5.2,1442.2,0.479
Nigeria,2010,59.9,9.2,5.6,1388.8,0.479
Nigeria,2011,60.1,9.8,5.6,1429.6,0.48
Nigeria,2012,60.7,10.1,5.0,1425.0,0.477
Nigeria,2013,59.8,9.9,6.0,1538.5,0.495
Nigeria,2014,60.7,10.6,5.9,1428.3,0.493
Nigeria,2015,60.5,10.5,6.2,1475.5,0.5
Nigeria,2016,61.3,10.9,5.9,1539.1,0.503
Nigeria,2017,61.7,10.4,6.3,1562.3,0.513
Nigeria,2018,63.0,11.2,6.2,1495.2,0.515
Nigeria,2019,63.5,10.8,6.9,1579.8,0.538
Nigeria,2020,63.0,11.5,7.4,1500.4,0.528
Nigeria,2021,62.7,11.7,6.3,1526.4,0.527
Kenya,1990,52.1,7.1,3.6,1276.7,0.387
Kenya,1991,52.0,6.9,3.9,1265.3,0.395
Kenya,1992,53.3,6.9,4.2,1313.9,0.409
Kenya,1993,54.0,6.9,3.7,1189.6,0.399
Kenya,1994,53.0,7.8,4.3,1286.7,0.415
Kenya,1995,53.4,7.5,4.4,1303.0,0.413
Kenya,1996,54.0,7.3,3.8,1382.2,0.402
Kenya,1997,54.7,8.3,3.9,1289.8,0.425
Kenya,1998,55.0,9.0,3.9,1353.5,0.431
Kenya,1999,55.8,8.4,4.3,1315.0,0.422
Kenya,2000,56.1,8.5,4.8,1376.0,0.445
Kenya,2001,56.2,8.3,4.5,1395.0,0.446
Kenya,2002,56.4,8.7,4.5,1405.4,0.448
Kenya,2003,57.8,8.6,4.8,1360.1,0.454
Kenya,2004,57.1,8.8,5.3,1400.8,0.452
Kenya,2005,58.3,9.5,5.2,1373.5,0.47
Kenya,2006,57.6,9.3,4.6,1432.6,0.449
Kenya,2007,59.1,9.3,5.3,1353.6,0.467
Kenya,2008,59.5,8.8,5.8,1422.8,0.469
Kenya,2009,58.6,10.2,5.3,1344.5,0.481
Kenya,2010,59.7,9.6,5.7,1363.5,0.485
Kenya,2011,60.4,10.2,5.9,1541.9,0.497
Kenya,2012,59.7,10.3,6.5,1386.6,0.494
Kenya,2013,60.8,10.3,5.7,1526.1,0.509
Kenya,2014,61.1,10.2,5.6,1485.5,0.5
Kenya,2015,61.6,10.6,6.0,1415.7,0.507
Kenya,2016,62.2,10.3,6.8,1526.9,0.522
Kenya,2017,61.5,10.5,6.4,1533.9,0.519
Kenya,2018,62.9,11.0,6.2,1588.8,0.515
Kenya,2019,63.7,11.1,7.1,1567.0,0.533
Kenya,2020,63.0,11.2,6.9,1542.1,0.526
Kenya,2021,63.5,11.5,6.2,1576.2,0.522
Ethiopia,1990,51.4,6.5,3.0,1118.7,0.363
Ethiopia,1991,53.4,7.0,3.7,1235.3,0.396
Ethiopia,1992,52.7,6.9,4.2,1330.9,0.394
Ethiopia,1993,52.6,7.3,3.5,1264.1,0.392
Ethiopia,1994,54.6,7.9,4.0,1306.6,0.423
Ethiopia,1995,53.6,7.5,4.1,1307.9,0.411
Ethiopia,1996,53.5,7.6,4.1,1263.0,0.42
Ethiopia,1997,53.9,8.2,4.7,1415.0,0.429
Ethiopia,1998,55.2,8.3,4.4,1284.1,0.432
Ethiopia,1999,54.1,8.5,4.5,1287.9,0.438
Ethiopia,2000,55.4,8.3,5.2,1262.6,0.436
Ethiopia,2001,56.1,8.8,4.7,1246.2,0.438
Ethiopia,2002,56.2,8.7,4.9,1360.1,0.438
Ethiopia,2003,57.4,8.9,5.3,1372.9,0.465
Ethiopia,2004,57.5,9.4,5.2,1351.6,0.473
Ethiopia,2005,58.1,9.3,4.7,1291.5,0.457
Ethiopia,2006,58.1,9.1,5.3,1475.3,0.471
Ethiopia,2007,57.8,9.4,5.1,1368.0,0.461
Ethiopia,2008,58.5,9.2,5.4,1368.9,0.453
Ethiopia,2009,60.2,10.1,5.4,1414.9,0.479
Ethiopia,2010,60.3,10.4,5.7,1486.4,0.496
Ethiopia,2011,59.2,9.9,5.8,1409.0,0.482
Ethiopia,2012,60.2,10.1,5.9,1383.9,0.486
Ethiopia,2013,60.0,10.6,5.3,1528.0,0.5
Ethiopia,2014,60.8,9.7,6.0,1466.1,0.487
Ethiopia,2015,61.1,11.1,6.4,1425.8,0.501
Ethiopia,2016,61.6,10.7,6.5,1460.4,0.512
Ethiopia,2017,63.1,11.1,6.4,1492.8,0.519
Ethiopia,2018,63.1,10.8,6.5,1518.1,0.518
Ethiopia,2019,62.2,11.3,6.6,1556.3,0.521
Ethiopia,2020,63.9,11.0,7.2,1432.6,0.532
Ethiopia,2021,63.9,11.2,7.0,1625.5,0.526
Egypt,1990,68.3,10.3,7.7,12977.5,0.663
Egypt,1991,67.7,11.1,8.7,10957.2,0.673
Egypt,1992,69.4,11.8,8.2,11369.1,0.699
Egypt,1993,69.8,11.6,8.0,12139.3,0.688
Egypt,1994,69.5,11.9,8.6,11578.6,0.704
Egypt,1995,69.8,11.8,8.9,11614.3,0.701
Egypt,1996,69.7,11.3,8.7,13844.4,0.691
Egypt,1997,70.3,12.1,8.7,12325.9,0.699
Egypt,1998,70.7,11.8,8.1,13166.8,0.705
Egypt,1999,71.0,12.2,9.2,12640.9,0.722
Egypt,2000,71.1,12.6,9.0,12678.9,0.715
Egypt,2001,71.8,12.1,8.8,12129.5,0.709
Egypt,2002,73.0,12.9,9.7,11941.3,0.738
Egypt,2003,71.6,12.4,8.9,13475.0,0.721
Egypt,2004,73.1,12.9,10.0,11899.8,0.748
Egypt,2005,73.5,12.6,9.7,13045.4,0.74
Egypt,2006,72.8,12.8,10.1,12900.4,0.749
Egypt,2007,73.2,12.9,9.9,12146.5,0.74
Egypt,2008,73.9,13.3,9.6,13250.0,0.754
Egypt,2009,74.6,13.1,9.7,13785.6,0.759
Egypt,2010,73.9,13.6,9.3,13153.2,0.758
Egypt,2011,74.4,13.4,10.2,12255.6,0.753
Egypt,2012,75.5,13.6,10.0,13684.0,0.769
Egypt,2013,75.7,13.8,10.3,13219.5,0.773
Egypt,2014,75.6,13.9,10.0,13329.0,0.765
Egypt,2015,75.6,14.2,10.4,13876.0,0.777
Egypt,2016,76.7,14.4,10.6,12967.1,0.785
Egypt,2017,77.0,14.4,9.9,13615.0,0.791
Egypt,2018,77.0,14.3,10.7,13762.4,0.796
Egypt,2019,76.9,14.8,10.9,13546.0,0.797
Egypt,2020,78.4,15.0,10.5,14179.6,0.801
Egypt,2021,78.2,14.9,10.9,14458.8,0.805
Pakistan,1990,59.4,8.9,5.6,3715.1,0.526
Pakistan,1991,59.9,9.9,5.7,3750.5,0.538
Pakistan,1992,61.0,9.5,6.1,3739.7,0.548
Pakistan,1993,60.9,9.2,5.9,3745.3,0.538
Pakistan,1994,62.0,10.0,5.6,3462.9,0.543
Pakistan,1995,62.0,9.5,6.4,3710.9,0.553
Pakistan,1996,61.4,9.4,6.2,3290.9,0.545
Pakistan,1997,62.4,10.9,6.9,3659.7,0.574
Pakistan,1998,63.4,10.6,5.8,3406.1,0.555
Pakistan,1999,63.5,10.4,6.7,3536.1,0.558
Pakistan,2000,64.0,10.1,5.9,3798.8,0.567
Pakistan,2001,63.9,10.4,6.6,3735.9,0.566
Pakistan,2002,64.0,10.8,6.8,3857.5,0.577
Pakistan,2003,64.6,10.1,6.9,4105.5,0.574
Pakistan,2004,64.7,11.0,7.3,3804.4,0.589
Pakistan,2005,64.4,11.1,7.7,3958.7,0.598
Pakistan,2006,65.9,11.2,6.9,4081.6,0.599
Pakistan,2007,66.1,11.0,7.6,4081.2,0.604
Pakistan,2008,67.0,11.3,7.1,3859.2,0.595
Pakistan,2009,67.1,11.1,7.1,3656.3,0.598
Pakistan,2010,67.1,11.7,7.2,3841.7,0.611
Pakistan,2011,67.3,12.0,7.4,4105.9,0.625
Pakistan,2012,68.2,11.9,7.8,4059.4,0.626
Pakistan,2013,68.1,12.1,7.9,3955.1,0.622
Pakistan,2014,67.9,11.8,7.6,4184.2,0.619
Pakistan,2015,69.2,12.4,7.5,4298.2,0.639
Pakistan,2016,68.8,12.7,7.9,4228.0,0.634
Pakistan,2017,68.8,12.6,8.2,4168.7,0.636
Pakistan,2018,69.9,12.9,8.4,4297.6,0.649
Pakistan,2019,71.0,12.6,8.6,4499.8,0.663
Pakistan,2020,70.7,13.0,8.9,4071.3,0.655
Pakistan,2021,70.9,13.6,8.8,4178.2,0.666
Bangladesh,1990,59.7,8.8,5.8,3259.9,0.528
Bangladesh,1991,60.8,9.5,5.5,3501.1,0.524
Bangladesh,1992,60.5,9.4,6.1,3360.9,0.534
Bangladesh,1993,61.0,9.0,6.0,3455.3,0.532
Bangladesh,1994,61.2,9.3,5.9,3571.6,0.537
Bangladesh,1995,61.4,9.8,6.5,3661.2,0.558
Bangladesh,1996,61.5,9.9,5.8,3405.6,0.538
Bangladesh,1997,63.1,10.2,6.3,3423.2,0.558
Bangladesh,1998,63.0,10.2,5.8,3562.9,0.553
Bangladesh,1999,63.5,9.6,6.4,3771.1,0.564
Bangladesh,2000,63.9,10.5,6.3,3439.5,0.564
Bangladesh,2001,64.5,10.9,6.8,3875.9,0.588
Bangladesh,2002,64.0,10.6,7.2,3663.2,0.59
Bangladesh,2003,64.5,11.2,6.4,3958.0,0.581
Bangladesh,2004,64.3,11.0,7.2,3734.9,0.581
Bangladesh,2005,65.3,11.0,7.2,4076.3,0.598
Bangladesh,2006,66.7,11.3,7.0,3655.5,0.597
Bangladesh,2007,65.9,11.6,7.4,3758.5,0.605
Bangladesh,2008,66.8,11.9,7.6,4125.3,0.619
Bangladesh,2009,67.0,12.0,7.1,3958.4,0.607
Bangladesh,2010,67.4,12.1,7.4,3628.6,0.611
Bangladesh,2011,68.0,12.0,7.8,4025.2,0.619
Bangladesh,2012,68.2,11.8,8.4,4201.4,0.631
Bangladesh,2013,68.0,12.1,7.8,4324.4,0.631
Bangladesh,2014,68.3,12.9,8.0,4290.8,0.638
Bangladesh,2015,69.2,12.5,7.5,4536.3,0.645
Bangladesh,2016,69.1,12.2,8.3,4226.1,0.643
Bangladesh,2017,69.8,12.9,8.7,4337.7,0.651
Bangladesh,2018,70.7,13.3,9.3,4069.0,0.669
Bangladesh,2019,69.4,13.2,8.3,4629.6,0.653
Bangladesh,2020,69.9,13.0,8.0,4451.8,0.641
Bangladesh,2021,71.2,12.6,8.6,4635.2,0.664
Vietnam,1990,59.6,9.0,5.5,3582.7,0.516
Vietnam,1991,60.7,8.3,5.4,3441.9,0.52
Vietnam,1992,60.7,8.9,5.4,3589.5,0.524
Vietnam,1993,60.8,9.3,6.0,3491.4,0.536
Vietnam,1994,62.5,9.1,5.4,3746.5,0.533
Vietnam,1995,61.6,9.5,5.9,3916.5,0.551
Vietnam,1996,62.6,9.4,5.8,3167.2,0.533
Vietnam,1997,63.0,10.1,6.2,3687.5,0.556
Vietnam,1998,63.0,10.3,5.8,3771.2,0.564
Vietnam,1999,63.0,10.4,7.3,3727.8,0.58
Vietnam,2000,63.2,10.4,6.7,3807.5,0.567
Vietnam,2001,64.1,11.0,6.8,3969.1,0.583
Vietnam,2002,64.7,10.7,6.5,3883.9,0.575
Vietnam,2003,64.4,10.8,6.9,3647.4,0.587
Vietnam,2004,65.3,10.7,6.5,3857.5,0.58
Vietnam,2005,65.4,11.0,6.4,3842.2,0.583
Vietnam,2006,66.1,11.0,7.7,3603.0,0.606
Vietnam,2007,66.0,11.6,7.3,4164.3,0.606
Vietnam,2008,65.9,11.9,7.3,4031.0,0.616
Vietnam,2009,66.3,11.8,7.3,3996.4,0.61
Vietnam,2010,66.4,11.5,8.0,4202.0,0.618
Vietnam,2011,67.7,11.8,8.1,4039.2,0.627
Vietnam,2012,68.5,11.8,8.2,3833.7,0.636
Vietnam,2013,68.1,12.1,7.3,4049.3,0.616
Vietnam,2014,68.3,12.3,8.3,4192.6,0.638
Vietnam,2015,68.4,12.2,8.6,4054.9,0.647
Vietnam,2016,69.2,12.6,8.5,4433.5,0.649
Vietnam,2017,69.5,12.7,8.4,4394.3,0.65
Vietnam,2018,70.4,13.3,8.5,4320.2,0.653
Vietnam,2019,69.1,13.1,8.5,4202.9,0.652
Vietnam,2020,70.8,13.5,8.6,4189.6,0.668
Vietnam,2021,71.0,13.4,8.6,4233.9,0.664
Turkey,1990,68.0,11.1,7.9,10898.2,0.667
Turkey,1991,68.7,11.0,8.0,12648.1,0.677
Turkey,1992,67.9,11.2,8.0,11532.8,0.673
Turkey,1993,69.2,11.4,8.4,13256.8,0.691
Turkey,1994,69.5,11.3,8.1,11874.1,0.683
Turkey,1995,69.8,12.3,8.3,12031.3,0.699
Turkey,1996,70.2,11.8,8.9,10881.7,0.688
Turkey,1997,70.0,12.2,8.2,10589.2,0.695
Turkey,1998,70.7,11.7,8.5,11868.2,0.699
Turkey,1999,70.6,12.3,8.0,11992.1,0.694
Turkey,2000,71.2,12.1,9.2,11446.9,0.713
Turkey,2001,71.9,12.9,8.9,12813.4,0.718
Turkey,2002,70.7,12.8,9.1,13382.1,0.718
Turkey,2003,72.5,13.2,9.3,12897.2,0.738
Turkey,2004,71.8,13.2,9.1,13090.2,0.725
Turkey,2005,72.3,13.3,9.3,13715.7,0.741
Turkey,2006,72.3,13.3,9.3,13319.2,0.739
Turkey,2007,72.8,13.2,10.3,13252.0,0.751
Turkey,2008,74.4,13.3,9.8,12357.5,0.752
Turkey,2009,74.8,13.1,10.2,13013.7,0.754
Turkey,2010,75.1,13.4,10.1,12949.9,0.761
Turkey,2011,75.1,13.7,9.4,12508.5,0.759
Turkey,2012,75.2,13.6,9.7,12589.7,0.747
Turkey,2013,75.5,13.7,9.9,13252.9,0.766
Turkey,2014,76.9,13.5,10.6,13933.9,0.777
Turkey,2015,76.3,14.0,10.4,14311.7,0.785
Turkey,2016,76.8,14.1,10.0,13337.4,0.783
Turkey,2017,76.1,14.1,10.6,12928.0,0.774
Turkey,2018,77.0,14.1,10.3,13997.1,0.777
Turkey,2019,76.7,14.4,10.9,13513.1,0.789
Turkey,2020,77.9,14.2,11.0,13917.6,0.794
Turkey,2021,78.7,14.5,11.2,13836.4,0.804
Saudi Arabia,1990,68.0,11.0,8.4,11354.0,0.671
Saudi Arabia,1991,68.8,10.9,8.4,13075.9,0.684
Saudi Arabia,1992,69.0,10.9,8.4,12232.2,0.686
Saudi Arabia,1993,68.7,10.9,8.4,10930.7,0.675
Saudi Arabia,1994,69.8,11.6,9.0,12840.1,0.7
Saudi Arabia,1995,69.7,11.6,8.0,11717.0,0.684
Saudi Arabia,1996,69.0,11.8,8.5,11333.8,0.692
Saudi Arabia,1997,70.7,11.9,8.6,12748.6,0.71
Saudi Arabia,1998,70.8,11.8,8.8,13167.3,0.707
Saudi Arabia,1999,72.0,12.0,8.9,12102.8,0.715
Saudi Arabia,2000,70.4,12.1,8.6,12643.7,0.712
Saudi Arabia,2001,71.9,11.7,9.6,12795.9,0.719
Saudi Arabia,2002,72.0,12.6,8.9,12793.8,0.721
Saudi Arabia,2003,72.1,12.4,8.8,12818.8,0.724
Saudi Arabia,2004,72.9,13.0,9.4,12467.9,0.741
Saudi Arabia,2005,72.2,12.6,9.1,13491.8,0.735
Saudi Arabia,2006,73.5,13.3,9.2,13109.2,0.743
Saudi Arabia,2007,74.0,13.1,9.5,13280.8,0.751
Saudi Arabia,2008,73.6,13.2,9.4,11513.7,0.739
Saudi Arabia,2009,74.5,13.5,9.2,12858.2,0.737
Saudi Arabia,2010,75.2,13.2,10.3,13692.5,0.76
Saudi Arabia,2011,74.3,13.7,9.7,13242.7,0.755
Saudi Arabia,2012,74.3,13.1,10.1,12900.6,0.752
Saudi Arabia,2013,75.9,14.2,10.1,13089.4,0.776
Saudi Arabia,2014,75.2,14.1,10.4,13758.1,0.766
Saudi Arabia,2015,75.8,13.9,10.4,13694.7,0.783
Saudi Arabia,2016,76.3,14.1,10.8,13640.4,0.791
Saudi Arabia,2017,77.0,14.0,10.1,12587.8,0.779
Saudi Arabia,2018,77.8,15.1,10.9,14272.7,0.801
Saudi Arabia,2019,76.9,14.9,10.8,13695.7,0.798
Saudi Arabia,2020,78.0,15.1,11.2,14014.0,0.813
Saudi Arabia,2021,78.4,14.7,11.1,12907.1,0.807
Argentina,1990,67.4,11.1,7.7,12332.0,0.669
Argentina,1991,67.5,11.3,7.9,12584.9,0.675
Argentina,1992,68.9,11.0,8.0,11837.3,0.681
Argentina,1993,69.8,11.1,8.6,10866.9,0.681
Argentina,1994,68.8,11.1,7.9,12472.8,0.678
Argentina,1995,69.8,11.8,8.5,12675.9,0.7
Argentina,1996,69.4,12.1,8.4,11776.1,0.695
Argentina,1997,69.8,11.7,8.8,12602.8,0.698
Argentina,1998,70.4,12.3,8.9,13695.0,0.723
Argentina,1999,71.5,11.7,9.1,12474.4,0.71
Argentina,2000,71.4,12.5,9.1,12035.4,0.723
Argentina,2001,71.3,12.4,8.9,12487.4,0.722
Argentina,2002,71.4,13.1,8.6,12316.4,0.722
Argentina,2003,72.6,12.6,9.2,12977.6,0.73
Argentina,2004,73.3,13.0,9.6,12207.8,0.739
Argentina,2005,72.8,12.6,9.5,12521.2,0.737
Argentina,2006,72.7,13.5,9.2,13031.6,0.745
Argentina,2007,73.3,13.4,9.2,13827.5,0.746
Argentina,2008,73.6,13.2,9.9,12661.8,0.745
Argentina,2009,74.1,13.0,10.3,12728.9,0.759
Argentina,2010,74.7,13.2,9.9,13595.4,0.756
Argentina,2011,75.5,13.9,10.2,12905.5,0.765
Argentina,2012,74.9,13.8,10.2,11934.6,0.762
Argentina,2013,75.6,13.8,10.5,13546.8,0.782
Argentina,2014,75.8,14.3,10.7,14137.0,0.78
Argentina,2015,76.1,14.0,10.5,13818.1,0.776
Argentina,2016,76.6,13.6,10.9,13155.1,0.781
Argentina,2017,76.7,14.7,9.7,13508.8,0.779
Argentina,2018,77.0,15.0,10.4,14038.1,0.795
Argentina,2019,78.1,14.4,10.5,14288.9,0.798
Argentina,2020,77.1,14.6,10.9,14190.2,0.793
Argentina,2021,76.7,15.0,10.5,12533.3,0.774
Colombia,1990,68.4,11.0,7.9,12833.4,0.681
Colombia,1991,69.1,10.7,8.1,11086.2,0.672
Colombia,1992,68.5,11.4,8.2,12486.5,0.689
Colombia,1993,70.1,11.3,8.0,12316.4,0.683
Colombia,1994,70.1,11.4,8.2,11942.2,0.694
Colombia,1995,69.6,11.4,9.0,11767.5,0.697
Colombia,1996,70.3,11.3,8.7,11704.4,0.699
Colombia,1997,69.8,12.1,9.0,12910.6,0.711
Colombia,1998,70.5,11.8,9.2,12030.3,0.704
Colombia,1999,71.3,11.9,8.6,11640.1,0.702
Colombia,2000,71.2,12.3,9.2,12878.6,0.721
Colombia,2001,71.5,12.5,9.4,12694.5,0.724
Colombia,2002,71.4,12.1,9.3,13021.8,0.725
Colombia,2003,72.2,13.0,9.1,13304.4,0.733
Colombia,2004,72.3,12.9,9.4,13001.7,0.736
Colombia,2005,72.9,13.6,9.8,13277.4,0.751
Colombia,2006,73.8,13.2,9.5,12717.9,0.744
Colombia,2007,72.0,13.2,9.4,13911.9,0.741
Colombia,2008,73.3,13.2,9.4,13296.5,0.746
Colombia,2009,74.7,13.1,9.8,12249.7,0.754
Colombia,2010,74.8,13.6,9.9,13373.9,0.77
Colombia,2011,74.7,13.7,9.6,12660.3,0.756
Colombia,2012,75.8,13.7,10.0,12993.4,0.763
Colombia,2013,75.7,13.4,10.5,12894.5,0.773
Colombia,2014,75.2,14.2,10.5,13580.5,0.772
Colombia,2015,76.3,13.8,10.3,14023.9,0.781
Colombia,2016,76.5,14.0,10.6,13474.1,0.77
Colombia,2017,77.3,14.4,10.9,12861.6,0.774
Colombia,2018,77.3,14.6,10.1,12987.9,0.797
Colombia,2019,77.4,14.8,10.5,12377.1,0.788
Colombia,2020,77.7,14.6,10.8,13846.1,0.796
Colombia,2021,77.5,15.0,10.3,12513.5,0.793
Peru,1990,68.3,11.0,7.6,11575.3,0.666
Peru,1991,67.5,10.9,8.3,12912.6,0.675
Peru,1992,69.0,10.7,8.4,11630.1,0.68
Peru,1993,68.9,11.8,8.0,12545.3,0.687
Peru,1994,69.2,11.4,8.1,12216.5,0.686
Peru,1995,69.8,11.7,8.7,12835.4,0.696
Peru,1996,70.4,11.4,8.7,12709.3,0.692
Peru,1997,70.3,11.7,8.4,13204.3,0.699
Peru,1998,70.2,12.0,9.0,12365.0,0.714
Peru,1999,71.2,11.5,8.7,12169.1,0.705
Peru,2000,70.0,13.0,9.1,12651.8,0.726
Peru,2001,72.8,12.6,9.3,12697.2,0.732
Peru,2002,71.7,12.3,8.9,11864.7,0.715
Peru,2003,71.4,12.7,9.2,12819.4,0.723
Peru,2004,74.1,13.2,8.9,12927.2,0.737
Peru,2005,72.4,12.5,9.5,12434.9,0.736
Peru,2006,73.7,13.4,9.2,13185.2,0.749
Peru,2007,73.3,12.9,10.1,13092.7,0.752
Peru,2008,73.5,12.9,9.5,12938.1,0.736
Peru,2009,74.2,12.9,9.4,13471.3,0.749
Peru,2010,74.4,13.2,9.6,12901.0,0.753
Peru,2011,75.4,13.5,9.6,13342.0,0.755
Peru,2012,75.0,14.1,10.3,13332.3,0.766
Peru,2013,75.7,14.2,10.0,14104.4,0.782
Peru,2014,76.7,14.1,10.4,14198.5,0.787
Peru,2015,76.0,14.0,10.4,12631.9,0.773
Peru,2016,77.1,13.6,10.9,14135.9,0.784
Peru,2017,77.1,14.4,10.9,14108.4,0.787
Peru,2018,77.5,14.4,10.6,13138.1,0.799
Peru,2019,78.0,14.4,10.3,13399.8,0.791
Peru,2020,78.0,15.1,11.0,14269.2,0.809
Peru,2021,77.5,14.8,11.2,13712.8,0.805
Chile,1990,67.8,10.7,8.0,12185.4,0.666
Chile,1991,68.2,10.8,8.4,11879.6,0.685
Chile,1992,69.4,11.2,7.9,10861.0,0.669
Chile,1993,68.3,11.8,8.3,12402.5,0.678
Chile,1994,68.7,11.8,8.5,12136.7,0.694
Chile,1995,70.5,11.6,8.5,12396.8,0.711
Chile,1996,68.9,12.0,8.5,12677.6,0.694
Chile,1997,70.3,12.1,9.6,12878.6,0.715
Chile,1998,70.4,11.9,8.2,12251.9,0.702
Chile,1999,70.3,12.4,9.0,12065.7,0.712
Chile,2000,72.1,12.5,8.9,12419.9,0.722
Chile,2001,71.4,11.7,9.6,12711.9,0.723
Chile,2002,71.9,12.3,9.1,11715.4,0.729
Chile,2003,71.6,12.3,9.1,13504.1,0.724
Chile,2004,72.0,13.1,9.5,13110.6,0.742
Chile,2005,74.1,13.5,9.2,13818.1,0.753
Chile,2006,73.5,12.5,9.4,12412.3,0.739
Chile,2007,74.1,12.5,9.6,13629.4,0.743
Chile,2008,74.3,13.4,9.8,12849.7,0.747
Chile,2009,73.7,13.6,9.8,12985.6,0.751
Chile,2010,74.4,13.8,9.8,12320.4,0.76
Chile,2011,74.8,13.6,10.5,13168.9,0.769
Chile,2012,74.6,13.7,10.2,12304.3,0.762
Chile,2013,75.6,13.9,10.5,13494.4,0.782
Chile,2014,75.4,14.0,10.3,12708.4,0.775
Chile,2015,77.4,14.1,10.5,13457.0,0.782
Chile,2016,75.6,14.0,10.0,14485.0,0.774
Chile,2017,76.7,14.6,10.2,13058.6,0.783
Chile,2018,77.7,14.7,10.7,13621.9,0.797
Chile,2019,77.6,14.3,10.7,12987.0,0.79
Chile,2020,77.6,15.5,10.8,12845.0,0.8
Chile,2021,78.4,15.4,10.7,12794.3,0.807
Ghana,1990,51.3,6.9,3.4,1195.8,0.384
Ghana,1991,52.0,7.1,3.6,1220.2,0.39
Ghana,1992,53.0,7.5,3.8,1249.7,0.395
Ghana,1993,53.2,7.6,4.0,1192.2,0.401
Ghana,1994,53.2,7.7,4.2,1220.6,0.414
Ghana,1995,53.9,7.7,4.0,1301.0,0.414
Ghana,1996,55.4,7.6,4.3,1235.7,0.414
Ghana,1997,54.6,8.0,5.1,1267.7,0.426
Ghana,1998,55.1,7.5,4.3,1291.0,0.424
Ghana,1999,55.9,8.1,4.4,1255.3,0.423
Ghana,2000,55.9,8.1,4.5,1252.8,0.431
Ghana,2001,57.0,8.2,4.1,1316.3,0.433
Ghana,2002,56.6,8.6,4.7,1357.1,0.45
Ghana,2003,55.9,8.8,5.0,1291.2,0.452
Ghana,2004,56.9,9.0,5.2,1322.0,0.445
Ghana,2005,57.4,9.5,5.0,1318.0,0.463
Ghana,2006,57.8,9.1,5.3,1426.2,0.477
Ghana,2007,58.8,9.8,5.2,1329.7,0.47
Ghana,2008,58.8,9.3,5.4,1426.5,0.473
Ghana,2009,59.4,9.8,5.4,1382.9,0.471
Ghana,2010,60.4,9.9,5.6,1369.3,0.498
Ghana,2011,59.3,9.9,5.9,1472.3,0.492
Ghana,2012,61.2,10.3,5.6,1432.1,0.495
Ghana,2013,61.7,9.9,6.3,1469.5,0.506
Ghana,2014,60.9,10.2,6.3,1509.3,0.508
Ghana,2015,61.4,10.4,5.7,1530.4,0.503
Ghana,2016,61.3,10.6,6.2,1403.5,0.498
Ghana,2017,61.6,10.8,6.2,1406.1,0.515
Ghana,2018,63.1,10.8,6.6,1540.0,0.528
Ghana,2019,62.5,11.5,6.5,1446.1,0.524
Ghana,2020,63.9,12.1,6.4,1579.4,0.534
Ghana,2021,64.0,11.0,6.5,1502.2,0.525
Morocco,1990,59.7,9.2,5.8,3604.9,0.538
Morocco,1991,60.6,8.8,6.0,3421.4,0.533
Morocco,1992,61.5,9.4,5.3,3394.0,0.536
Morocco,1993,61.0,9.4,6.0,3703.9,0.544
Morocco,1994,61.3,9.5,6.2,3706.2,0.544
Morocco,1995,62.3,9.6,5.8,3503.9,0.539
Morocco,1996,62.0,10.2,5.9,3697.0,0.549
Morocco,1997,62.4,9.5,6.2,3657.5,0.553
Morocco,1998,63.0,9.7,6.7,3755.6,0.564
Morocco,1999,63.2,10.1,6.5,3829.3,0.558
Morocco,2000,63.3,10.3,6.6,3982.3,0.569
Morocco,2001,63.7,10.4,6.4,3740.0,0.573
Morocco,2002,63.8,10.8,6.2,3729.9,0.57
Morocco,2003,65.5,10.7,6.2,3505.7,0.574
Morocco,2004,65.3,11.0,7.0,4086.2,0.593
Morocco,2005,65.8,10.6,6.8,3593.9,0.582
Morocco,2006,65.7,11.2,7.2,3775.2,0.596
Morocco,2007,65.4,11.7,7.2,3879.3,0.61
Morocco,2008,65.8,11.1,7.0,3980.3,0.6
Morocco,2009,67.2,12.4,6.8,4126.1,0.612
Morocco,2010,66.9,11.6,7.3,4341.7,0.619
Morocco,2011,67.6,12.3,7.2,3841.3,0.606
Morocco,2012,67.6,12.1,7.8,4127.7,0.618
Morocco,2013,68.7,12.2,8.1,3797.7,0.632
Morocco,2014,68.0,12.2,8.1,4172.2,0.629
Morocco,2015,69.0,12.0,8.4,4147.7,0.644
Morocco,2016,69.1,12.4,8.0,4364.3,0.637
Morocco,2017,70.0,12.6,7.7,4138.5,0.634
Morocco,2018,70.1,12.5,8.7,4249.7,0.651
Morocco,2019,70.7,13.3,8.5,4158.0,0.65
Morocco,2020,70.4,12.9,8.6,4259.9,0.661
Morocco,2021,70.8,13.2,9.1,4407.5,0.669
Nepal,1990,51.7,6.8,3.2,1167.5,0.381
Nepal,1991,52.3,6.7,4.1,1230.4,0.387
Nepal,1992,52.5,7.3,4.2,1156.0,0.404
Nepal,1993,53.8,7.2,3.7,1171.6,0.397
Nepal,1994,53.5,7.8,4.3,1200.1,0.401
Nepal,1995,53.9,7.8,4.1,1236.6,0.413
Nepal,1996,55.0,8.0,4.0,1237.5,0.417
Nepal,1997,55.4,8.0,4.2,1249.8,0.428
Nepal,1998,56.0,8.3,4.4,1292.2,0.42
Nepal,1999,55.7,8.3,4.6,1258.6,0.431
Nepal,2000,55.5,8.7,4.5,1437.5,0.444
Nepal,2001,55.5,8.5,4.5,1192.1,0.437
Nepal,2002,56.9,8.9,4.8,1252.1,0.443
Nepal,2003,57.3,8.6,4.1,1332.6,0.438
Nepal,2004,57.3,9.2,5.2,1373.0,0.466
Nepal,2005,56.9,9.3,5.3,1294.4,0.45
Nepal,2006,57.6,9.1,5.5,1343.1,0.458
Nepal,2007,58.1,9.8,5.3,1380.5,0.47
Nepal,2008,59.4,9.4,5.8,1415.1,0.479
Nepal,2009,60.4,9.4,5.4,1339.8,0.481
Nepal,2010,60.3,10.4,6.0,1413.1,0.493
Nepal,2011,59.0,10.6,5.9,1406.7,0.497
Nepal,2012,59.8,10.3,5.8,1485.8,0.492
Nepal,2013,59.9,10.3,6.3,1457.0,0.502
Nepal,2014,60.5,10.4,5.9,1514.8,0.499
Nepal,2015,61.7,10.9,6.4,1497.6,0.509
Nepal,2016,61.7,10.6,6.2,1470.0,0.502
Nepal,2017,61.1,10.7,6.5,1422.9,0.507
Nepal,2018,63.5,11.3,7.0,1538.5,0.539
Nepal,2019,62.5,11.0,5.8,1597.4,0.523
Nepal,2020,63.0,11.2,6.5,1560.5,0.531
Nepal,2021,62.8,11.6,6.8,1555.6,0.533
Yemen,1990,51.9,7.0,3.4,1258.2,0.389
Yemen,1991,52.5,6.8,3.5,1265.2,0.388
Yemen,1992,53.1,7.8,4.0,1228.1,0.405
Yemen,1993,51.8,7.4,3.7,1257.2,0.394
Yemen,1994,53.3,7.0,3.6,1273.6,0.406
Yemen,1995,53.8,7.8,4.3,1207.6,0.415
Yemen,1996,53.9,8.1,4.2,1285.4,0.415
Yemen,1997,55.0,8.6,4.0,1258.4,0.426
Yemen,1998,55.4,8.0,3.5,1371.6,0.422
Yemen,1999,54.5,8.1,4.9,1388.1,0.44
Yemen,2000,55.7,8.5,4.5,1380.2,0.434
Yemen,2001,55.7,8.9,4.7,1406.5,0.442
Yemen,2002,56.5,8.4,4.8,1246.3,0.436
Yemen,2003,56.2,9.1,5.1,1242.4,0.454
Yemen,2004,58.5,9.0,4.8,1527.0,0.458
Yemen,2005,57.6,9.2,5.5,1390.3,0.464
Yemen,2006,57.5,9.2,4.9,1382.9,0.455
Yemen,2007,57.6,9.8,5.2,1315.2,0.464
Yemen,2008,58.8,9.1,5.5,1339.7,0.476
Yemen,2009,59.4,9.6,5.3,1407.5,0.479
Yemen,2010,59.5,9.8,5.7,1388.8,0.48
Yemen,2011,58.8,10.3,5.9,1389.8,0.495
Yemen,2012,60.3,9.9,6.1,1471.4,0.496
Yemen,2013,60.4,10.4,5.9,1492.1,0.489
Yemen,2014,60.8,11.0,5.9,1433.8,0.499
Yemen,2015,60.8,9.9,6.1,1489.4,0.497
Yemen,2016,61.7,10.8,6.6,1481.1,0.511
Yemen,2017,62.0,11.1,6.8,1466.1,0.52
Yemen,2018,62.7,10.7,6.5,1427.1,0.505
Yemen,2019,63.1,11.1,6.7,1525.2,0.52
Yemen,2020,63.2,10.9,7.2,1456.1,0.525
Yemen,2021,63.1,11.6,6.7,1517.6,0.535
